<?xml version="1.0" encoding="UTF-8"?>
<project-private xmlns="http://www.netbeans.org/ns/project-private/1">
    <editor-bookmarks xmlns="http://www.netbeans.org/ns/editor-bookmarks/2" lastBookmarkId="0"/>
    <open-files xmlns="http://www.netbeans.org/ns/projectui-open-files/2">
        <group>
            <file>file:/C:/Users/Pedro%20Silva/Documents/GitHub/trabalhoprog2/TrabalhoPratico/src/MedHut/FaturaRecibo.java</file>
            <file>file:/C:/Users/Pedro%20Silva/Documents/GitHub/trabalhoprog2/TrabalhoPratico/src/Interface_Grafica/Ecra_Cliente_Nova_Marcaçao.java</file>
            <file>file:/C:/Users/Pedro%20Silva/Documents/GitHub/trabalhoprog2/TrabalhoPratico/src/MedHut/Repositorio.java</file>
            <file>file:/C:/Users/Pedro%20Silva/Documents/GitHub/trabalhoprog2/TrabalhoPratico/src/Interface_Grafica/Ecra_Admin_ConsultarUtil.java</file>
            <file>file:/C:/Users/Pedro%20Silva/Documents/GitHub/trabalhoprog2/TrabalhoPratico/src/Interface_Grafica/Ecra_Cliente_Consultas.java</file>
            <file>file:/C:/Users/Pedro%20Silva/Documents/GitHub/trabalhoprog2/TrabalhoPratico/src/Interface_Grafica/Ecra_Admin_RegistarAdmin.java</file>
        </group>
    </open-files>
</project-private>
